
{"695076103768768605": {"color": "000000", "familyFriendly": 0, "sniped": 1, "dmblocker": 0}, "724261384271036468": {"color": "ffff00", "familyFriendly": 0, "sniped": 1, "dmblocker": 0}, "712109152050348074": {"color": "ffff00", "familyFriendly": 0, "sniped": 1, "dmblocker": 0}, "716566340458250240": {"color": "ffff00", "familyFriendly": 0, "sniped": 1, "dmblocker": 0}, "541463268703731753": {"color": "ffff00", "familyFriendly": 0, "sniped": 1, "dmblocker": 0}, "866899096208146463": {"color": "ffff00", "familyFriendly": 0, "sniped": 1, "dmblocker": 0}, "442186709141028871": {"color": "ffff00", "familyFriendly": 0, "sniped": 1, "dmblocker": 0}}
